dzielnica,Nazwa Przedszkola,ulica,nr,nr lokalu,kod,miasto,numer ewidencyjny,Uwagi
Bemowo,"""Bajeczka"" Niepubliczne Przedszkole  Integracyjne",G. Morcinka,14B,,01-496,Warszawa,324 PN,
Bemowo,"""Przedszkole Leśne""",S. Kunickiego,49,,01-492,Warszawa,335 PN,
Bemowo,Artystyczno-Językowe Super Przedszkole, E. .J. Osmańczyka,22,161,01-494,Warszawa,377 PN,
Bemowo,"Niepubliczne Przedszkole ""Akacjowa Chatka""",Sternicza,97,,01-350,Warszawa,327 PN,
Bemowo,"Niepubliczne Przedszkole ""Jaśkowo""",Dywizjonu 303,169,,01-470,Warszawa,251 PN,
Bemowo,"Niepubliczne Przedszkole ""Małe Zuchy""",Obrońców Tobruku,23,110/111,01-494,Warszawa,301 PN,
Bemowo,"Niepubliczne Przedszkole ""Nasz Domek""",Oświatowa,29,,01-366,Warszawa,437 PN,
Bemowo,"Niepubliczne Przedszkole ""Żyrafki""",Obrońców Tobruku,38/U2,,01-494,Warszawa,358 PN,
Bemowo,Niepubliczne Przedszkole Dziecięcy Kącik Warszawa-Bemowo,Powstańców Śląskich,106 D,203,01-466,Warszawa,397 PN,Przedszkole konkursowe 100%
Bemowo,"Niepubliczne Przedszkole Integracyjne ""Zielony Latawiec""  (II miejsce:  ul. Czerniakowska 161)",A. Sołtana,3,,01-494,Warszawa,178 PN,
Bemowo,"PRO FUTURO - Przedszkole Niepubliczne ""Słoneczna Dróżka""",gen. W. Urbanowicza (dawna Kaliskiego),29a,,01-476,Warszawa,126 PN,
Bemowo,"Prywatne Przedszkole ""Jak u Mamy""",Obrońców Tobruku,38,5,01-494,Warszawa,187 PN,
Bemowo,Przedszkola Pomarańczowa Ciuchcia  Spółka z o.o. Spółka komandytowa ,Lazurowa,67,,01-314,Warszawa,41 PN,
Bemowo,Przedszkola Pomarańczowa Ciuchcia  Spółka z o.o. Spółka komandytowa  ,gen. S. Kaliskiego,23B,,01-476,Warszawa,193 PN,
Bemowo,"Przedszkole ""Dzieci Świata""( II miejsce ul. Dywizjonu 303 nr 141 A)",Dywizjonu 303,125,,01-470,Warszawa,179 PN,
Bemowo,"Przedszkole ""Mały Europejczyk""",Okrętowa ,57/59,,01-309,Warszawa,118 PN,
Bemowo,"Przedszkole ""Puchatek"" (II miejsce: Pełczyńskiego 28A)",gen. T. Pełczyńskiego,28B,,01-471,Warszawa,163 PN,
Bemowo,"Przedszkole Niepubliczne "" Kangurek Hop"" (II miejsce: Krasińskiego 57 lok. 27)",Kluczborska,2,,01-464,Warszawa,237 PN,
Bemowo,"Przedszkole Niepubliczne ""Dzwoneczek""",Batalionów Chłopskich ,87,,01-307,Warszawa,371 PN,
Bemowo,"Przedszkole Niepubliczne ""Miś Optymiś""",Powstańców Śląskich,67b,,01-355,Warszawa,233 PN,
Bemowo,"Przedszkole Niepubliczne ""Wesoły Miś""",Batalionów Chłopskich ,84 a,,01-309,Warszawa,246 PN,
Bemowo,"Przedszkole ""Jan Pawełek""",Obrońców Tobruku,48,,01-494,Warszawa,515 PN,
Bemowo,Przedszkole Niepubliczne Norlandia(II lokalizacja: Jana kaziemierza 46 A),Strąkowa,26,,01-367,Warszawa,325 PN,
Białołęka,"""Akademia Maluchów"" -Tarchomin  Niepubliczne Anglojęzyczne Przedszkole Integracyjne ",Zbytki,4,,03-145,Warszawa,125 PN,
Białołęka,"""Przedszkola  Pomarańczowa Ciuchcia Sp. z o.o. Spółka Komandytowa",Brzozowy Zagajnik,7,,03-082,Warszawa,345 PN,
Białołęka,"""Przedszkole Leśne"" K.Łagodzińska",Osiedle,11,,03-149,Warszawa,177 PN,
Białołęka,Bajka Przedszkole Niepubliczne,L. Berensona,32,,03-287,Warszawa,438 PN,Przedszkole konkursowe 100%
Białołęka,"Niepubliczne Integracyjne Przedszkole ""Róża Montessori""",Dębowa,12M,,03-054,Warszawa,419 PN,
Białołęka,Niepubliczne Przedszkole  Integracyjne Magiczny Świat Dziecko,Światowida,51B,U1,03-144,Warszawa,473 PN,
Białołęka,"Niepubliczne Przedszkole ""Bajkolandia"" ",Światowida,65,,03-144,Warszawa,97 PN,Przedszkole konkursowe 100%
Białołęka,"Niepubliczne Przedszkole ""Inspiracja""",J. Mehoffera ,90,,03-118,Warszawa,313 PN,
Białołęka,"Niepubliczne Przedszkole ""Klub Przedszkolaka Misia Bo""",Światowida,47,,03-144,Warszawa,99 PN,Przedszkole konkursowe 100%
Białołęka,"Niepubliczne Przedszkole ""Kraina Uśmiechu""",Myśliborska,42,,03-185,Warszawa,342 PN,
Białołęka,"Niepubliczne Przedszkole ""Misio"" (II miejsce: ul. Modlińska 285 B)",Modlińska ,248d,,03-152,Warszawa,74 PN,
Białołęka,"Niepubliczne Przedszkole ""Miś""",Topolowa,6a,,03-138,Warszawa,130 PN,Przedszkole konkursowe 100%
Białołęka,"Niepubliczne Przedszkole ""Przy Lesie II""",Dębowa,1,,03-054,Warszawa,141 PN,
Białołęka,"Niepubliczne Przedszkole ""ZŁOTA RYBKA""",Kopijników,65A/67A,,03-274,Warszawa,281 PN,Przedszkole konkursowe 100%
Białołęka,Niepubliczne Przedszkole Akademia Małej Pszczółki,Mochtyńska,85,,03-289,Warszawa,482 PN,Przedszkole konkursowe 100%
Białołęka,Niepubliczne Przedszkole Dookoła Świata,Sprawna,24,,03-147,Warszawa,433 PN,
Białołęka,"Niepubliczne Przedszkole Dziecięcy Kącik Warszawa - Białołęka (II niejsce: ul. Ostródzka 74, III miejsce  Łokietka 1 lok. 4 i 6)",Ostródzka ,74 a,,03-289,Warszawa,399 PN,Przedszkole konkursowe 100%
Białołęka,Niepubliczne Przedszkole Dziecięcy Kącik Warszawa - Kobiałka( II m.prowadzenia ul. Łokietka 1 lok 4 i 6),Kobiałka,14,,03-044,Warszawa,494 PN,Przedszkole konkursowe 100%
Białołęka,Niepubliczne Oprzedszkole Wyspa Marzeń Warszawa - Białołeka,Jagmina,23,,03-125,Warszawa,493 Pn,Przedszkole konkursowe 100%
Białołęka,Niepubliczne Przedszkole Gucio,Ostródzka,146B,,03-289,Warszawa,361 PN,
Białołęka,Niepubliczne Przedszkole Integracyjne Dom rozwoju Przedszkolaka Promyczek,Białołęcka,259,,03-253,Warszawa,435 PN,
Białołęka,"Niepubliczne Przedszkole  ""Bajlandia""",Białołęcka,186,,03-253,Warszawa,197 PN,Przedszkole konkursowe 100%
Białołęka,Niepubliczne Przedszkole Lula,J. Antalla,4,,03-187,Warszawa,447 PN,Przedszkole konkursowe 100%
Białołęka,Niepubliczne Przedszkole Małego Kopernika,Zaułek,25,,03-287,Warszawa,375 PN,
Białołęka,Niepubliczne Przedszkole MoreLove,Morelowa,2a,,03-192,Warszawa,478 PN,
Białołęka,Niepubliczne Przedszkole Pszczółka Maja,Kąty Grodziskie,56,,03-289,Warszawa,343 PN,Przedszkole konkursowe 100%
Białołęka,"Niepubliczne Przedszkole Terapeutyczne ""Dobry Start""",Internetowa,33,,03-290,Warszawa,206 PN,
Białołęka,Niepubliczne Przedszkole Wesoły Domek,Szlachecka,48,,03-259,Warszawa,468 PN,
Białołęka,Niepubliczne Przedszkole Zgromadzenia Sióstr Służebniczek NMP Niepokalanie Poczętej-Prowincja Łódzka,J. Mehoffera ,2,,03-131,Warszawa,12 PN,
Białołęka,Ołówkowa Kraina,Ołówkowa,7A,,03-001,Warszawa,440 PN,
Białołęka,"Polsko - Angielskie Przedszkole Artystyczne ""AKADERO""",Strumykowa,23A,,03-138,Warszawa,212 PN,
Białołęka,"Prywatne Rodzinne Przedszkole ""Konradek"" ",Cieślewskich,27 n,,03-117,Warszawa,61 PN,
Białołęka,"Przedszkole ""Wesoły Teletubiś""",Skarbka z Gór ,7A,,03-287,Warszawa,294 PN,Przedszkole konkursowe 100%
Białołęka,Przedszkole Niepubliczne Tequesta,Zdziarska,61,,03-289,Warszawa,373 PN,
Białołęka,Przedszkole Kids Love Dreams,Naprzełaj,5a,,03-131,Warszawa,127 PN,
Białołęka,"Przedszkole Niepubliczne  ""Senso-Smyki""",Głębocka,82A,,03-287,Warszawa,322 PN,
Białołęka,"Przedszkole Niepubliczne  z Oddziałami Integracyjnymi ""Echa Leśne""",Świderska,109h,60,03-128,Warszawa,352PN,
Białołęka,"Przedszkole Niepubliczne ""Cypisek""  (II miejsce: ul. Ostródzka 215)",Ostródzka,213K,,03-289,Warszawa,172 PN,Przedszkole konkursowe 100%
Białołęka,"Przedszkole Niepubliczne ""EDUSFERA""",Białołęcka,186A,,03-253,Warszawa,484 PN,Przedszkole konkursowe 100%
Białołęka,"Przedszkole Niepubliczne ""Jarzębinka""",Ruskowy Bród ,27,,03-289,Warszawa,225 PN,
Białołęka,"Przedszkole Niepubliczne ""Krasnoludki"" ",Skarbka z Gór,148,,03-287,Warszawa,436 PN,
Białołęka,"Przedszkole Niepubliczne ""Krasnoludki""  (II niejsce: ul. Krokwi 29, III miejsce ul. Głębocka 147)",Sprawna,16 E/F,,03-147,Warszawa,175 PN,Przedszkole konkursowe 100%
Białołęka,"Przedszkole Niepubliczne ""Malinowe Przedszkole""",Płochocińska,84 B,,03-044,Warszawa,257 PN,
Białołęka,"Przedszkole Niepubliczne ""Miasto Dzieci""  ",Głębocka,56D,,03-287,Warszawa,112 PN,
Białołęka,"Przedszkole Niepubliczne ""Moje Przedszkole"" ",Świderska,137,,03-128,Warszawa,5 PN,
Białołęka,"Przedszkole Niepubliczne ""Niezapominajka""",Kąty Grodziskie,117,,03-289,Warszawa,151 PN,Przedszkole konkursowe 100%
Białołęka,"Przedszkole Niepubliczne ""Plastuś"" (II miejsce: ul. Jagmina 16)",J. Mehoffera ,57,,03-131,Warszawa,75 PN,
Białołęka,"Przedszkole Niepubliczne ""Progresja""",Pasłęcka,1 B,,03-137,Warszawa,429 PN,Przedszkole konkursowe 100%
Białołęka,"Przedszkole Niepubliczne ""Progresja"" ",Erazma z Zakroczymia,12,,03-185,Warszawa,139 PN,Przedszkole konkursowe 100%
Białołęka,"Przedszkole Niepubliczne ""PROMYKI""",Geograficzna,4,,03-116,Warszawa,167 PN,
Białołęka,"Przedszkole Niepubliczne ""Przedszkolada""",Złotokwiatu ,28,,03-289,Warszawa,214 PN,
Białołęka,"Przedszkole Niepubliczne ""Przedszkolaki""",Świderska,127,,03-128,Warszawa,264 PN,
Białołęka,"Przedszkole Niepubliczne ""Raj Krasnali""",Światowida,58,"U1, U2",03-144,Warszawa,457 PN,
Białołęka,"Przedszkole Niepubliczne ""Skarb Malucha""",Skarbka z Gór,59D,,03-287,Warszawa,161 PN,Przedszkole konkursowe 100%
Białołęka,"Przedszkole Niepubliczne ""Smerf""  ( II miejsce: ul. Sprawna 9a, III miejsce: ul. Aluzyjna 7, IV miejsce: ul. Odkryta 41 G )",Odkryta,41 H,,03-140,Warszawa,59 PN,
Białołęka,"Przedszkole niepubliczne ""SMERF 1""",Świderska,143,,03-128,Warszawa,522 PN,Przedszkole konkursowe 100%
Białołęka,"Przedszkole niepubliczne ""Sportowa Kraina""",Skarbka z Gór,116C,,03-287,Warszawa,408 PN,
Białołęka,"Przedszkole Niepubliczne ""Stonoga""  (II m. ul. Skarbka z Gór 57)",Skarbka z Gór,45,,03-287,Warszawa,87 PN,
Białołęka,"Przedszkole Niepubliczne ""Wesoły Smok"" ",Frachtowa,13,,03-043,Warszawa,93 PN,
Białołęka,"Przedszkole Niepubliczne ""Wyspa Skarbów""",Skarbka z Gór,142B,,03-287,Warszawa,207 PN,
Białołęka,"Przedszkole Niepubliczne ""Zdobywcy Świata"" ",H. Ordonówny,21B,,03-139,Warszawa,203 PN,
Białołęka,"Przedszkole Niepubliczne ""Zdobywcy Świata"" ",Aluzyjna,18B,,03-149,warszawa,415 PN,
Białołęka,"Przedszkole Niepubliczne ""Zdobywcy Świata"" ",Światowida,51A,,03-144,Warszawa,454 PN,
Białołęka,Przedszkole Niepubliczne Akademia Przedszkolaka,Majolikowa,29,,03-125,Warszawa,354 PN,
Białołęka,Przedszkole Niepubliczne JAGÓDKA,Konwaliowa,38,,03-194,Warszawa,272 PN,
Białołęka,Przedszkole Niepubliczne Krasnoludki,Nowodworska,30,,03-133,Warszawa,412 PN,
Białołęka,Przedszkole Niepubliczne Sióstr Rodziny Maryi,Wałuszewska ,48,,03-005,Warszawa,52 PN,
Białołęka,"Przedszkole Niepubliczne Słoneczny Domek o profilu angielskim (II miejsce: Modlińska 47, III miejsce Modlińska 241)",Skarbka z Gór,45C,,03-287,Warszawa,164 PN,Przedszkole konkursowe 100%
Białołęka,Przedszkole Niepubliczne Słoneczny Domek o profilu angielskim II,Skarbka z Gór,45 D,,03-287,Warszawa,414 PN,Przedszkole konkursowe 100%
Białołęka,Przedszkole Niepubliczne Smoczkowe Drzewo,Aroniowa,11A,,03-289,Warszawa,369 PN,Przedszkole konkursowe 100%
Białołęka,Przedszkole Sióstr Felicjanek,Żywiczna,40a,,03-179,Warszawa,339 PN,
Białołęka,Niepubliczne Przedszkole Europejskie 3,Słodka,2,,03-290,Warszawa,525 PN,
Bielany," ""Bajeczka"" Niepubliczne Przedszkole  Integracyjne",Wrzeciono,12,4,01-954,Warszawa,219 PN,
Bielany,Akademia Uśmiechu Dwujęzyczne Przedszkole,S. Przybyszewskiego,69,,01-284,Warszawa,33 PN,
Bielany,Dwujęzyczno - Prozdrowotne Przedszkole Niepubliczne Kolorowe Kredy,Encyklopedyczna,17,,01-990,Warszawa,474 PN,
Bielany,Mruczankowe Przedszkole (II m. prowadzenia ul. Skalbmierska 8a),Lipińska,11,,01-833,Warszawa,296 PN,
Bielany,Niepubliczne Przedszkola Ciuchcia Puch Puch Agata Wawer (II miejsce: ul. Klaudyny 28a),Klaudyny,32,,01-651,Warszawa,40 PN,
Bielany,"Niepubliczne przedszkole ""Motylkowa akademia"" (II miejsce ul.Balaton 8)",Balaton,8a,,01-981,Warszawa,476 PN,
Bielany,"Niepubliczne Przedszkole ""Radośni Odkrywcy""",Estrady ,128A,,01-932,Warszawa,168 PN,
Bielany,Przedszkole niepubliczne VIVA KIDS,Renesansowa ,20,"U1, U2",01-905 ,warszawa,529 PN,
Bielany,"Niepubliczne Przedszkole Hiszpańsko-Angielskie ""Spanish Garden""",T. Nocznickiego,25 ,U 6-7,01-948,Warszawa,511 PN,
Bielany,"Niepubliczne Przedszkole Językowe ""Spanglish Garden"" (II miejsce prowadz. Arkuszowa 128A)",Balaton,8a,,01-981,Warszawa,119 PN,
Bielany,Niepubliczne Przedszkole Kreatywne Dzieci,Maszewska,20/U2,,01-925,Warszawa,509 PN,
Bielany,Niepubliczne Przedszkole Uniwersytetu Stefana Kardynała Wyszyńskiego,Żubrowa,12,,01-978,Warszawa,444 PN,
Bielany,"Prywatne Przedszkole ""Śpiewające Brzdące""",Estrady ,75b,,01-932,Warszawa,17 PN,
Bielany,Przedszkola Pomarańczowa Ciuchcia Sp. z o.o. Spółka Komandytowa,J. Bajana,35,,01-904,Warszawa,267 PN,
Bielany,Przedszkole Akademia Małych Smoków,J. Conrada,7,,01-922,Warszawa,160 PN,
Bielany,"Przedszkole Artystyczno-Językowe ""Super Przedszkole""",Rudnickiego,3a,,14/15H,Warszawa,517 PN,
Bielany,"Przedszkole Niepubliczne ""Kraina Czarów""",Literacka,19,4 i 5,01-864,Warszawa,157 PN,
Bielany,"Przedszkole Niepubliczne ""Mały Odkrywca"" Sportowo-Integracyjne",M. Dąbrowskiej,15,,01-903,Warszawa,317 PN,
Bielany,Przedszkole Niepubliczne Zielona Wieża,Wergiliusza,5,,01-915,Warszawa,364 PN,
Bielany,Przedszkole Sióstr Imienia Jezus,W. Smoleńskiego ,31,,01-698,Warszawa,32 PN,
Bielany,Przedszkole Sióstr Salezjanek im. św. Zygmunta im. św. Dominika Savio(II lokalizacja : pl. Konfederacji 55),Lisowska,29,,01-820,Warszawa,3 PN,
Bielany,Społeczne Przedszkole Integracyjne Fundacji CZAS DZIECIŃSTWA,Wolumen,3,,01-912,Warszawa,11 PN,
Mokotów,"""Niezapominajka"" - Przedszkole Niepubliczne",Wołodyjowskiego,36A,,02-765,Warszawa,174 PN,
Mokotów,"Anglojęzyczne Przedszkole ""READY STEADY GO""",Woronicza ,33,B,02-640,Warszawa,495 PN,
Mokotów,Blossom Anglojęzyczne Przedszkole Artystyczne,Racławicka,120,,02-634,Warszawa,501 PN,
Mokotów,Dwujęzyczne Przedszkole Niepubliczne Primrose,Bernardyńska,16A,U7,02-904,Warszawa,334 PN,
Mokotów,Dwujęzyczne Przedszkole Tęczowy Ogród/Warsaw Bilingual Preschool  (II miejsce: ul. Racławicka 120) ,Miłobędzka ,14,,02-634,Warszawa,66 PN,
Mokotów,"Francusko-Polskie Przedszkole Niepubliczne ""La Fontaine"" (II miejsce: ul. Dygasińskiego 1 - punkt przedszkolny)",Rolna,177,,02-729,Warszawa,117 PN,
Mokotów,Happy Kids' Academy-Europejskie Przedszkole Językowe,Postępu,4,,02-676,Warszawa,496 PN,
Mokotów,Happy Kids' Academy-Europejskie Przedszkole Językowe,Jadźwingów,22A,,02-692,Warszawa,318 PN,
Mokotów,"Integracyjne Przedszkole Niepubliczne ""Małe Misie""",A. J. Madalińskiego,39/43,,02-549,Warszawa,216 PN,
Mokotów,Kanadyjskie Przedszkole w Warszawie,I. Krasickiego,53,,02-608,Warszawa,398 PN,
Mokotów,"Katolickie Niepubliczne Przedszkole Językowe ""Anioła Stróża""",M. Smoluchowskiego ,1,,02-679,Warszawa,231 PN,
Mokotów,"Katolickie Niepubliczne Przedszkole Językowe ""Dzieciątka Jezus""",Jana III Sobieskiego,15,,02-930,Warszawa,146 PN,
Mokotów,"Muzyczne Przedszkole Montessori ""MocArt""",J. Kaczmarskiego,81,66,02-679,Warszawa,390 PN,
Mokotów,"Niepubliczne  Przedszkole Językowe ""Baśniowy Dom""",Irysowa ,1a,,02-660,Warszawa,110 PN,
Mokotów,Niepubliczne Dwujęzyczne Przedszkole Mały Podróżnik,Balonowa ,12,,02-635,Warszawa,268 PN,
Mokotów,"Niepubliczne Europejskie Przedszkole Ekologiczne ""Baby City""",Zielona,42,,02-913,Warszawa,224 PN,
Mokotów,"Niepubliczne Przedszkole ""Teddy&Me""",Magazynowa,11,u5,02-652,warszawa,500 PN,
Mokotów,"Niepubliczne Przedszkole ""U Smoka Co Buja W Obłokach""",Morszyńska,71A,,02-932,Warszawa,263 PN,
Mokotów,Niepubliczne Przedszkole British International Academy Kids III,Czerska,14,,00-732,Warszawa,458 PN,
Mokotów,Niepubliczne Przedszkole FIQMIKU,Okrężna,95,,02-933,Warszawa,360 PN,
Mokotów,"Niepubliczne Przedszkole Integracyjne  ""Raz, dwa, trzy-My""",Łowicka,19,1,02-574,Warszawa,260 PN,
Mokotów,"Niepubliczne Przedszkole Integracyjne ""OMEGA"" (II miejsce: ul. Bluszczańska 69 lok. U1, U2, III miejsce: ul. Bluszczańska 48 lok. US1, US2)","Grupy AK ""Północ""",2,,00-713 ,Warszawa,217 PN,
Mokotów,"Niepubliczne Przedszkole Językowe ""4 kids""",Puławska,114,,13,Warszawa,394 PN,
Mokotów,"Niepubliczne Przedszkole Językowe ""Baśniowy Dom""",Miłobędzka ,2,,02-634,Warszawq,192 PN,
Mokotów,Niepubliczne Przedszkole Joy,Racławicka,124,,02-634,Warszawa,513 PN,
Mokotów,"Niepubliczne Przedszkole montessori ""ITSY-BITSY""",Cybernetyki,7D,,02-677,Warszawa,420 PN,
Mokotów,"Niepubliczne Przedszkole Specjalne ""Zielony latawiec II""",Powsińska,56,,02-903,Warszawa,503 PN,
Mokotów,Niepubliczne Przedszkole Stacja Edukacja,Pory,60,,02-757,Warszawa,491 PN,
Mokotów,"Niepubliczne Przedszkole z Oddziałęm Integracyjnym ""KRAINA EMOCJI"" o Profilu Inteligencji Emocjonalnej",Warowna,3,1,02-654,Warszawa,450 PN,
Mokotów,Pijarskie Przedszkole w Warszawie,Siekierkowska,7,,00-709,Warszawa,409 PN,
Mokotów,Przedszkola Pomarańczowa Ciuchcia Sp. z o.o. Spółka Komandytowa,Postępu,17b,,01-490,Warszawa,350 PN,
Mokotów,"Przedszkole ""Małe Śmieszki""",Obrzeźna,3,U14,02-691,Warszawa,487 PN,
Mokotów,"Przedszkole Językowe ""Bajkowa Kraina"" (II miejsce ul. Zawrat 4)",L. Idzikowskiego,39,,02-704,Warszawa,115 PN,
Mokotów,"Przedszkole Montessori ""Słonecznik""",W. A. Mozarta,4,,02-736,Warszawa,86 PN,
Mokotów,Przedszkole Niepubliczne,J. Dąbrowskiego,84 B ,28,02-571,Warszawa,2 PN,
Mokotów,Przedszkole Niepubliczne  - Casa dei Bambini Warsaw Montessori School,Badowska,19,,00-752,Warszawa,23 PN,
Mokotów,"Przedszkole Niepubliczne ""AMO Kwiatowa""",Kwiatowa,28,,02-539,Warszawa,259 PN,
Mokotów,"Przedszkole Niepubliczne ""Chatka Małolatka"" (II miejsce: Królewicza Jakuba 28)",Orężna ,45,,02-937,Warszawa,16 PN,
Mokotów,"Przedszkole Niepubliczne ""Frajda""",Bonifacego ,106,,02-940,Warszawa,215 PN,
Mokotów,Przedszkole Niepubliczne AMO 81 (II miejsce: ul. Złotopolska 1 m. 79),Złotopolska,1,81,03-567,Warszawa,383 PN,
Mokotów,Przedszkole Niepubliczne Misia Paddingtona (II m.prowadzenia Belwederska 6a),Górska,7,,00-740,Warszawa,9 PN,
Mokotów,Przedszkole Niepubliczne Rubik Music School ,Domaniewska,41,,02-672,Warszawa,384 PN,
Mokotów,Przedszkole Niepubliczne TEQUESTA,Przejazd,2,,02-654,Warszawa,338 PN,
Mokotów,ZAGADKA  s. c. Przedszkole Niepubliczne ,Sueska,2,,02-761,Warszawa,43 PN,
Mokotów,Niepubliczne  Dwujęzyczne Przedszkole KIDS&CO,Domaniewska,48,,02-672,Warszawa,521 PN,
Ochota, Przedszkole Włoskie Piccolo Leonardo,Grójecka ,39,,02-031,Warszawa,431 PN,
Ochota,"Niepubliczne Przedszkole ""Radosne Dzieciaki""",Kurhan,12 K,,02-203,Warszawa,411 PN,
Ochota,"Niepubliczne Przedszkole Specjalne ""Tęcza""",Kopińska ,6/10,,02-321,Warszawa,42 PN,
Ochota,Niepubliczne Przedszkole Sportowo-Językowe Fair Play,Grójecka ,208,,02-390,Warszawa,481 PN,
Ochota,Pierwsze Niepubliczne Przedszkole Terapeutyczne Fundacji SYNAPSIS,J. Siemieńskiego,21,,02-106,Warszawa,183 PN,
Ochota,"Przedszkole ""Ala ma kota""  ( II miejsce: Al.. Jerozolimskie 181 C)",Altowa,5,,02-386,Warszawa,311 PN, 
Ochota,"Przedszkole Niepubliczne ""Motylek II""",Włodarzewska,71,,02-384,Warszawa,159 PN,
Ochota,"Przedszkole Niepubliczne ""Piotruś Pan""   (II miejsce: ul. Drawska 15)",Filipinki ,6,,02-207,Warszawa,78 PN,
Ochota,Przedszkole Niepubliczne Rubik Music School ,Drawska,11,,02-202,Warszawa,524 Pn,
Ochota,"Przedszkole Niepubliczne ""Ulik"" (II m.prowadz. ul. St. Worcella 3 lok. U1)",al.. Bohaterów Września ,18,2,02-389,Warszawa,416 PN,
Ochota,Przedszkole Niepubliczne Lalilu (II miejsce:  ul. Prokuratorska 2),Wawelska,16,,02-061,Warszawa,332 PN,
Ochota,Przedszkole Niepubliczne Motylek 3,Usypiskowa,3 i 3A,,02-386,Warszawa,368 PN,
Ochota,Przedszkole Niepubliczne Rubik Music School ,Usypiskowa,14,,02-386,Warszawa,472 PN,
Ochota,Przedszkole Niepubliczne Thames British School,Usypiskowa,5,,02-386,Warszawa,367 PN,
Ochota,Przedszkole Niepubliczne Wróbelek Elemelek ,Włodarzewska,71a,,02-384,Warszawa,77 PN,
Praga Południe ,Chrześcijańskie Przedszkole Samuel,Mieczysława Pożaryskiego,28,29,04-703,Warszawa,135 PN,
Praga Południe ,"Integracyjne Przedszkole Niepubliczne ""Zaczarowany Ołówek""",Gdecka,3,,04-137,Warszawa,391 PN,
Praga Południe ,marańczowa,Mińska,25a,u3-u5,03-808,Warszawa,475 PN,
Praga Południe ,"Niepubliczne Przedszkole ""Ciekawi Świata""",Dęblińska,4,,04-187,Warszawa,305 PN,
Praga Południe ,"Niepubliczne Przedszkole ""Kolorowe Kredki""",Bakaliowa,5,,04-222,Warszawa,227 PN,
Praga Południe ,"Niepubliczne Przedszkole ""Nasze Dzieci"" (II miejsce: ul. Pokrzywnicka 7)",Ostrobramska,83,6 B,04-175,Warszawa,188 PN,
Praga Południe ,"Niepubliczne Przedszkole ""Świetlik Montessori""",Wał Miedzeszyński,646,III,03-994,Warszawa,448 PN,
Praga Południe ,Niepubliczne Przedszkole Sprężynowo,Łukowska,46,7,04-133,Warszawa,523 PN,
Praga Południe ,"Niepubliczne Przedszkole Anglojęzyczne  ""ABC Play & Learn""",Genewska,27,,03-940,Warszawa,136 PN,
Praga Południe ,"Niepubliczne Przedszkole Artystyczne ""Akademia Sztuk Dziecięcych""",Kryniczna,11,,03-934,Warszawa,113 PN,
Praga Południe ,Niepubliczne przedszkole integracyjne Kolorowe Kredki,Grochowska,200,,04-357,Warszawa,469 PN,
Praga Południe ,"Prywatne Przedszkole ""Rośnij z Didasko""",Siennicka,40,,03-828,Warszawa,92 PN,
Praga Południe ,"Przedszkole Anglojęzyczne ""HAPPY TIME""",Drezdeńska,3,,03-969,Warszawa,209 PN,
Praga Południe ,Przedszkole Niepubliczne,Perkuna ,54 ,2,04-180,Warszawa,30 PN,
Praga Południe ,"Przedszkole Niepubliczne  ""Kolorowe Przedszkole"" (II miejsce: ul. Lotaryńska 16 - punkt przedszkolny)",Lotaryńska ,18 ,,03-974,Warszawa,13 PN,
Praga Południe ,"Przedszkole Niepubliczne "" Trampoline"" (II miejsce: ul. Bajońska 9)",Poselska,5,,03-931,Warszawa,67 PN,
Praga Południe ,"Przedszkole Niepubliczne ""7 Krasnoludków""",Irlandzka,7,,03-909,Warszawa,242 PN,
Praga Południe ,"Przedszkole Niepubliczne ""Agatka"" (II miejsce: ul. Mlądzka 27/13a )",J. Meissnera,8a,,03-982,Warszawa,220 PN,
Praga Południe ,"Przedszkole Niepubliczne ""Akademia Rozwoju Malucha"" (II miejsce ul. J. Nowaka-Jeziorańskiego 51/U10)",J. Nowaka-Jeziorańskiego,46,U17,03-982,Warszawa,427 PN,
Praga Południe ,"Przedszkole Niepubliczne ""International Trilingual School of Warsaw "" ",A. Nobla ,16,,03-930,Warszawa,25 PN,
Praga Południe ,"Przedszkole Niepubliczne ""Kraina Magii"" ( II miejsce: ul. 21 piłku Piechoty Dzieci Warszawy 11 lok U33)",Bracławska,4,,04-044,Warszawa,228 PN,
Praga Południe ,"Przedszkole Niepubliczne ""Skarbusie""",Poligonowa ,1,,04-051,Warszawa,239 PN,
Praga Południe ,"Przedszkole Niepubliczne Językowo - Sportowe ""Truskawkowe Pole""",Krypska,25,,04-082,Warszawa,465 PN,
Praga Południe ,Przedszkole Niepubliczne Koniczynka,"A. E. Fieldorfa ""Nila"" ",12 ,5,03-984,Warszawa,24 PN,
Praga Północ,"Przedszkole Niepubliczne ""ULIK""",Panieńska,9,4,03-704,Warszawa,498 PN,
Rembertów,"Niepubliczne Przedszkole ""Biedroneczka""  (II miejsce: ul. Paderewskiego 85)",I. Paderewskiego,83,,04-443,Warszawa,128 PN,
Rembertów,Prywatne Przedszkole Gwiazdeczki,Jerzego,38,,04-424,Warszawa,221 PN,
Rembertów,"Przedszkole Niepubliczne ""Delfinek""",Kordiana ,85,,04-418,Warszawa,76 PN,
Rembertów,"Przedszkole Niepubliczne ""Gumiś""",Szafarzy,22,,04-958,Warszawa,155 PN,
Rembertów,"Przedszkole Niepubliczne ""Kubuś Puchatek i Przyjaciele"" (II miejsce:ul. Gościniec 14/16, III miejsce: ul. Kadrowa 5)",Kordiana ,71b,,04-418,Warszawa,153 PN,
Rembertów,"Przedszkole Niepubliczne ""U Kubusia Puchatka""",Bombardierów ,13,,04-416,Warszawa,53 PN,
Śródmieście,"Niepubliczne Przedszkole ""Żyrafki""",Inflancka,11,u4,00-189,Warszawa,467 PN,
Śródmieście,"Niepubliczne Przedszkole Specjalne ""Zielony Latawiec""(II. (II miejsce: ul. Dunikowskiego 9, III. Sołtana 3)",Czerniakowska,161,,00-453,Warszawa,370 PN,
Śródmieście,Prywatne Przedszkole im. Cecylii Plater-Zyberkówny,Piękna,24,26,549,warszawa,392 PN,
Śródmieście,Przedszkola  Pomarańczowa Ciuchcia Sp. z o.o. Spółka Komandytowa,Rondo ONZ,1,,00-124,Warszawa,346 PN,
Śródmieście,"Przedszkole ""Ala ma kota""",Inflancka,4c,,00-189,Warszawa,488 PN,
Śródmieście,"Przedszkole Niepubliczne ""Trzy Języki"" (I m. prowadzenia ul. Karowa 14/16 lok. 2, 5, 6)",Karowa,14/16,LU 6a,00-324,Warszawa,248 PN,
Śródmieście,Przedszkole Niepubliczne Mój Miś,Z. Słomińskiego,17,6,00-195,Warszawa,198 PN,
Śródmieście,Przedszkole Niepubliczne Zgromadzenia Sióstr Urszulanek SJK im. Św. Urszuli Ledóchowskiej,Wiślana ,2,,00-317,Warszawa,55 PN,
Śródmieście,"Przedszkole Politechniki Warszawskiej ""BOBOTECHNIKA""",L. Waryńskiego,8,,00-631,Warszawa,451 PN,
Targówek,"""Tęczowe Przedszkole""",Motycka,17,,03-566,Warszawa,137 PN,
Targówek,Akademia Maluchów - Zacisze Niepubliczne  Anglojęzyczne Przedszkole Integracyjne,Wiewiórki,1,,03-645,Warszawa,283 PN,
Targówek,"Integracyjne Niepubliczne Przedszkole  ""Tęczowy Kącik""",Lewinowska,30,,03-684,Warszawa,323 PN,
Targówek,"Integracyjne Przedszkole Przedszkole Niepubliczne ""Kids World""",Wyborna,4,,03-681,Warszawa,385 PN,
Targówek,Integracyjne Przedszkole Tukan,Porannej Bryzy,19,,03-284,Warszawa,366 PN,
Targówek,Niepublicze Przedszkola Ciuchcia Puch Puch Agata Wawer,Uranowa ,24,,03-586,Warszawa,58 PN,
Targówek,Niepubliczne Przedszkola Ciuchcia Puch Puch Agata Wawer,Łokietka,7,,03-586,Warszawa,158 PN,
Targówek,"Niepubliczne Przedszkole ""Akademia Krasnoludków""",I. Łukasiewicza ,4,,03-657,Warszawa,57 PN,
Targówek,"Niepubliczne Przedszkole ""Kolorowy Balonik""",św. Wincentego,130,54,03-291,Warszawa,255 PN,
Targówek,"Niepubliczne Przedszkole ""Krasnal""",Łasińska ,7,,03-646,Warszawa,91 PN,
Żoliborz,Niepubliczne Przedszkole Dziecięcy Kącik ,ul. Broniewskiego 28,28,,01-771,Warszawa,290 PN,
Targówek,"Niepubliczne Przedszkole Integracyjne ""Iskierka""",Księcia Ziemowita,39,,03-788,warszawa,292 PN,
Targówek,"Niepubliczne Przedszkole Integracyjne Artystyczno-Językowe ""Bystrzaki""",Poborzańska ,8,,03-332,Warszawa,236 PN,
Targówek,Niepubliczne Przedszkole Zgromadzenia Sióstr Loretanek,M. K. Ogińskiego,7a,,03-318,Warszawa,121 PN,
Targówek,Niepubliczne Przedszkole Zgromadzenia SS Pocieszycielek Najświętszego Serca Jezusowego,W. Syrokomli ,23,,03-335,Warszawa,36 PN,
Targówek,Przedszkole Edukacyjno-Językowe La mariposa  im. Matki Bożej Fatimskiej w Warszawie,Błędowska,3,,03-612,Warszawa,423 PN,
Targówek,"Przedszkole Niepubliczne ""Ale Frajda""",Bolesławicka,40,,03-352,Warszawa,489 PN,
Targówek,"Przedszkole Niepubliczne ""BAJKA"" (II miejsce: ul. Radziwie 7 lok. U9)",L. Kondratowicza,18,417,03-285,Warszawa,218 PN,
Targówek,"Przedszkole Niepubliczne ""Baśniowy Ogród""",Ostródzka,10,,03-289,Warszawa,288 PN,Przedszkole konkursowe 100%
Targówek,"Przedszkole Niepubliczne ""Elfiki"" ( II miejsce: ul. Kanałowa 8)",Safony,1,,03-642,Warszawa,355 PN,
Targówek,"Przedszkole niepubliczne ""Marzenia do spełnienia""",Wierna ,24,"u6,u7,u8",03-890,warszawa,466 PN,
Targówek,Przedszkole niepubliczne Baje i psoty,Bukowiecka,37,,03-890,warszawa,508 PN,
Targówek,Przedszkole Niepubliczne MikiLand ( II miejsce: ul. Obywatelska 1),Wolbromska,2,,03-680,Warszawa,169 PN,
Targówek,Przyjazne Przedszkole,Skrajna,10,,03-209,Warszawa,156 PN,
Targówek,Zielone Przedszkole w Folwarku,św. Wincentego,92,,03-291,Warszawa,464 PN,
Ursus," ""Małe Przedszkole"" Niepubliczne Przedszkole Integracyjne",Apartamentowa ,12A,,02-495,Warszawa,302 PN,
Ursus,HIPOPO Niepubliczne Przedszkole XXI wieku Centrum Edukacji Lokalnej,Dzieci Warszawy,27 a,,02-495 ,Warszawa,116 PN,
Ursus,"Integracyjne Niepubliczne Przedszkole Montessori ""ELIPSOIDA""",Cierlicka,19,,02-495,Warszawa,176 PN,
Ursus,"Niepubliczne Przedszkole ""Bajeczka""    (II miejsce: ul. Prawnicza 26)",Prawnicza,29,,02-495,Warszawa,107 PN,
Ursus,"Niepubliczne Przedszkole ""Leśna Kraina""",Baranowska,14,,02-495,Warszawa,289 PN,
Ursus,"Niepubliczne Przedszkole ""Małe Przedszkole""",Apartamentowa ,12a,,02-495,Warszawa,407 PN,
Ursus,"Niepubliczne Przedszkole ""Pomarańczowa Ciuchcia""",Rakietników,6/8,,02-495,Warszawa,229 PN,
Ursus,"Niepubliczne przedszkole Angielsko-Polskie ""Maja""",J. Michałowicza,78,,02-495,Warszawa,308 PN,
Ursus,"Niepubliczne Przedszkole Artystyczne ""Delfinki""",Orląt Lwowskich,1,,02-495,Warszawa,144 PN,
Ursus,"Niepubliczne Przedszkole Edukacyjno-Sportowe ""Bambino""  ",Rakietników,15,,02-495,Warszawa,90 PN,
Ursus,"Niepubliczne Przedszkole integracyjne  ""Mikołajek""",Dzieci Warszawy,42,,02-495,Warszawa,100 PN,
Ursus,"Niepubliczne Przedszkole Integracyjne ""Baby Academy"" Warszawa Ursus",Traktorzystów,20,,02-495,Warszawa,413 PN,
Ursus,Niepubliczne Przedszkole Qbuś,gen. K. Sosnkowskiego,32,,02-495,Warszawa,196 PN,
Ursus,Polsko-Angielskie Przedszkole Niepubliczne Uśmiech,Zygmunta Augusta,6,,02-496,Warszawa,282 PN,
Ursus,Przedszkole Akademia Małych Smoków,Bełzy,15,,02-495,Warszawa,351 PN,
Ursus,Przedszkole integracyjne Domek Przedszkolaka,Nowotyska ,11,,02-495,Warszawa,372 PN,
Ursus,Przedszkole Montessori (II miejsce ul. Prawnicza 60),Henryka II Pobożnego,1,,02-496,Warszawa,105 PN,
Ursus,"Przedszkole Niepubliczne ""Biedroneczka"" ",Plutonu Torpedy,14,,02-495,Warszawa,143 PN,
Ursus,"Przedszkole Niepubliczne ""EDU SZKRABY""",Opieńskiego,1,,02-495,Warszawa,483 PN,
Ursus,"Przedszkole Niepubliczne ""TRALALA""-Wychowanie przez sztukę",Przemysława,12,,02-496,Warszawa,270 PN,
Ursus,Przedszkole Niepubliczne Artystyczno-Językowe Entliczek Pentliczek (II m. prowadzenia A. Prystora 4 lok. 10),Skoroszewska,5,7,02-495,Warszawa,400 PN,
Ursus,Przedszkole Niepubliczne im. Księdza Bronisława Markiewicza,Bolesława Śmiałego ,37,,02-496,Warszawa,10 PN,
Ursus,Przedszkole Niepubliczne Zgromadzenia Sióstr Imienia Jezus,Kaczorowska ,3,,02-495,Warszawa,29 PN,
Ursynów," Niepubliczne Przedszkole Integracyjne ""Wolne Przedszkole""",Żołny,24F,,02-815,Warszawa,245 PN,
Ursynów," Niepubliczne Przedszkole""Aniołowo""",Rumby,4,,02-830,Warszawa,238 PN,
Ursynów,"""Deutscher Kindergarten"" Niepubliczne Przedszkole",Prymasa A. Hlonda,3,,02-972,Warszawa,295 PN,
Ursynów,"""Przedszkole Leśne""",Bażancia ,25,,02-892,Warszawa,84 PN,
Ursynów,"""Zaczarowana Pozytywka"" Przedszkole Niepubliczne",Pozytywki,18,,02-881,Warszawa,152 PN,
Ursynów,Accademia Dei Piccoli ,Ekologiczna,4, ,02-798,Warszawa,463 PN,
Ursynów,Angielskie Integracyjne Przedszkole Muzyczne Żyrafa,Urwisko,19,,02-797,Warszawa,109 PN,
Ursynów,Chrześcijańskie Przedszkole Daniel,Nowoursynowska,154a, ,02-797,Warszawa,365 PN,
Ursynów,CUKIERKOWO Przedszkole Integracyjne Niepubliczne,Klubowa,7,,02-947,Warszawa,510 PN,
Ursynów,"Dwujęzyczne Przedszkole Sportowe ""Mali Odkrywcy"" ",Dereniowa,11,,02-776,Warszawa,162 PN,
Ursynów,EDUKACJA AKTYWNA przedszkola.asia,Ekologiczna,15,66,02-798,Warszawa,258 PN,
Ursynów,"Integracyjne Przedszkole Niepubliczne  ""Pluszowa Akademia""",Dereniowa,52,54,02-776,Warszawa,406 PN,
Ursynów,Integracyjne Przedszkole Niepubliczne Małe Misie nr 2,Hawajska,3,,02-776,Warszawa,359 PN,
Ursynów,Katolickie Przedszkole Fundacji Na Rzecz Rodziny,Przy Bażantarni,3,,02-793,Warszawa,123 PN,
Ursynów,"Kreatywne Niepubliczne Przedszkole Lingwistyczne ""Cztery Słonie""",S. Kulczyńskiego,22,,02-777,Warszawa,297 PN,
Ursynów,Międzynarodowe Przedszkole Montessori Children's House,Dzierzby,26/28,,02-836,Warszawa,387 PN,
Ursynów,"Niepubliczne Przedszkole ""Jacek i Agatka"" ( II miejsce: ul. Stryjeńskich 10,)",Pod Lipą ,4,,02-798,Warszawa,89 PN,
Ursynów,"Niepubliczne Przedszkole ""Jaś i Małgosia"" ",M. Wańkowicza,2,187,02-796,Warszawa,189 PN,
Ursynów,"Niepubliczne Przedszkole ""Nasze Przedszkole"" (II. Miejsce Lanciego 16 lok. 1930",Migdałowa,10,U 10,02-796,Warszawa,386 PN,
Ursynów,"Niepubliczne Przedszkole ""Przytulanka""",Kurantów,24,,02-873,Warszawa,362 PN,
Ursynów,"Niepubliczne Przedszkole ""Wszystkie skarby mamy""",Kłobucka,23C,104,02-699,Warszawa,382 PN,
Ursynów,"Niepubliczne Przedszkole integracyjne ""Zielony Latawiec II""",X. Dunikowskiego ,9,,00-033,Warszawa,314 PN,
Ursynów,"Niepubliczne Przedszkole Integracyjne Językowo-Muzyczne ""Drużyna Tygryska""",Bekasów,43A,,02-803,Warszawa,241 PN,
Ursynów,"Niepubliczne Przedszkole Montessori ""Artystyczny Kącik""  (II miejsce:  ul. Pustułeczki 10)",Pustułeczki,8,,02-811,Warszawa,253 PN,
Ursynów,"Niepubliczne Przedszkole Polsko-Angielskie ""BUZZY BEE""",Żołny,16,,02-815,Warszawa,134 PN,
Ursynów,Niepubliczne Przedszkole Sióstr Niepokalanek,J. Zaruby ,2,,02-796,Warszawa,14 PN,
Ursynów,Niepubliczne Przedszkole Sportowo-Językowe FAIR-PLAY,Poleczki,33,,02-822,Warszawa,396 PN,
Ursynów,Niepubliczne Przedszkole Szkoły Głównej Gospodarstwa Wiejskiego,Nowoursynowska,161G,,02-787,Warszawa,379 PN,
Ursynów,"Niepubliczne Przedszkole 'SZKRABKI""",J. Rosoła,10,,02-786,Warszawa,330 PN,
Ursynów,Niepubliczne Przedszkole Twórczego Rozwoju active kids (II miejsce ul. Lanciego 19 lok. 127),al. Komisji Edukacji Narodowej ,20,U3,02-797,Warszawa,378 PN,
Ursynów,"Niepublicznee Przedszkole  Integracyjn  Babaloo 
",Sarabandy,28,,02-868,Warszawa,129 PN,
Ursynów,"Przedszkole ""Ala ma kota"" ",Żołny,63a,,02-815,Warszawa,150 PN,
Ursynów,"Przedszkole ""Ala ma kota"" ",Pistacjowa,16,,02-797,Warszawa,309 PN,
Ursynów,"Przedszkole Artystyczno-Językowe ""Magia""             ",Rybałtów,14,,02-886,Warszawa,106 PN,
Ursynów,"Przedszkole Edukacyjno-Sportowe ""Mały Olimpijczyk""",Symfonii,4,,02-787,Warszawa,200 PN,
Ursynów,Przedszkole Heliantus,Bażancia ,18,,02-892,Warszawa,173 PN,
Ursynów,Przedszkole INSPIREN,E. Lokajskiego,14,U-1,02-793,Warszawa,266 PN,
Ursynów,Przedszkole Montessori Ewa i Andrzej Bocheńscy,S. Kulczyńskiego,16,,02-777,Warszawa,120 PN,
Ursynów,Przedszkole Niepubliczne  Domek Elfów,J. Żabińskiego ,8,49,02-793,Warszawa,434 PN,
Ursynów,"Przedszkole Niepubliczne  z Oddziałami Integracyjnymi ""Echa Leśne""",A. Janowskiego,50,,02-784,Warszawa,190 PN,
Ursynów,"Przedszkole Niepubliczne "" Wesołe Krasnale"" (II miejsce: Al.. Wyścigowa 18 lok. 1, 
ul. Lanciego 11 lok. U 2)",Alternatywy,7,,02-775,Warszawa,213 PN,
Ursynów,"Przedszkole Niepubliczne ""Akademia Małych Artystów""",Braci Wagów,1,,02-791,Warszawa,72 PN,
Ursynów,"Przedszkole Niepubliczne ""Chatka"" ( II miejsce: ul. Belgradzka 10 lok. 121)",M. Wańkowicza,5A,69,02-796,Warszawa,204 PN,
Ursynów,"Przedszkole Niepubliczne ""ECOKIDS""",Stryjeńskich,19,16A,02-791,Warszawa,442 PN,
Ursynów,"Przedszkole Niepubliczne ""Jeżykowa Dolinka""",Pięciolinii,1,,02-784,Warszawa,205 PN,
Ursynów,"Przedszkole Niepubliczne ""Owocowe Przedszkole""",Krasnowolska,29c,,02-846,Warszawa,226 PN,
Ursynów,"Przedszkole Niepubliczne Językowo-Artystyczne ""Diuna Kids""",F. M. Lanciego,13,12,02-794,warszawa,480 PN,
Ursynów,Przedszkole Niepubliczne p.w. Aniołów Stróżów,Nowoursynowska,143,,02-776,Warszawa,184 PN,
Ursynów,Przedszkole Szumi Szum (II Lokalizacja: ul. Kabacki Dukt 14 lok U7),Relaksowa,33,U1,02-976,Warszawa,470 PN,
Ursynów,"Społeczne Przedszkole ""Baśniowy Świat Dziecka""",X. Dunikowskiego ,4,,02-784,Warszawa,46 PN,
Wawer, Niepubliczne Polsko-Angielskie Przedszkole KidsCollege,Akwarelowa,22,,04-542,Warszawa,441 PN,
Wawer,"""Przedszkole … jak z bajki""",Wylotowa,5,,4659,Warszawa,315 PN,
Wawer,"""STRUMIENIE"" Przedszkole Stowarzyszenia Sternik (II miejsce: ul. Pożaryskiego 28)",Lokalna,51,,04-903,Warszawa,114 PN,
Wawer,"Integracyjne Przedszkole Montessori ""Mały Odkrywca""",Zerzeńska,10b,,04-787,Warszawa,170 PN,
Wawer,Integracyjne Przedszkole Montessori Wawer,Zerzeńska,10b,,04-782,Warszawa,459 PN,
Wawer,"Integracyjne Przedszkole Niepubliczne ""Przyjaciel""   (II miejsce: ul.Poezji 19)",Drwali,10A,,04-840,Warszawa,252 PN,
Wawer,Niepbliczne Przedszkole Cali Mali,Korkowa,161c,36,04-549,Warszawa,479 PN,
Wawer,"Niepubliczne Integracyjne Przedszkole ""Aniołkowo"" ",Nenufarów,8,,04-958,Warszawa,154 PN,
Wawer,Niepubliczne Przedszkola Ciuchcia Puch Puch Agata Wawer,Stradomska,12,,04-619,Warszawa,194 PN,
Wawer,Niepubliczne Przedszkole ,Wilgi ,31,,04-831,Warszawa,26 PN,
Wawer,"Niepubliczne Przedszkole ""Domek Montessori""",Rzeźbiarska,28,,04-633,Warszawa,461 PN,
Wawer,"Niepubliczne Przedszkole ""Karuzela""",Wał Miedzeszyński,420,,03-994,Warszawa,432 PN,
Wawer,"Niepubliczne Przedszkole ""Milusin""",Wał Miedzeszyński,131C,,04-998,Warszawa,88 PN,
Wawer,"Niepubliczne Przedszkole ""Okienko""",I Poprzeczna,8a,,04-602,Warszawa,131 PN,
Wawer,"Niepubliczne Przedszkole ""Przedszkole Leśne""",Wał Miedzeszyński,598,,03-994,Warszawa,145 PN,
Wawer,"Niepubliczne Przedszkole artystyczno- językowe ""Bułhaczek""",J. Strusia,58,,04-532,Warszawa,326 PN,
Wawer,Niepubliczne Przedszkole Dwujęzyczne Academy International Wawer,27 Grudnia,52,,04-665,Warszawa,512 PN,
Wawer,Niepubliczne Przedszkole Językowe Happy Hippo,27 grudnia,42,,04-665,Warszawa,316 PN,
Wawer,Niepubliczne Przedszkole TOTU,Dzielnicowa,19,,04-666,Warszawa,208 PN,
Wawer,Niepubliczne Przedszkole Zgromadzenia Sióstr Prezentek w Warszawie,VII Poprzeczna,3,,04-615,Warszawa,234 PN,
Wawer,"Prywatne Przedszkole ""Prymulka""",Prymulki,33,,04-879,Warszawa,94 PN,
Wawer,"Przedszkole ""Ala ma kota"" ",Bronowska,32,,03-995,Warszawa,312 PN,
Wawer,Przedszkole Niepubliczne,Wiązana ,6 F,,04-765,Warszawa,63 PN,
Wawer,"Przedszkole Niepubliczne "" Pod Poziomką""",Widoczna,61A,,04-467,Warszawa,49 PN,
Wawer,"Przedszkole Niepubliczne ""AMO Radość""",Garncarska,48,,04-886,Warszawa,269 PN,
Wawer,"Niepubliczne Przedszkole ""Załoga Pana Boga""",Garncarska,32,,04-886,Warszawa,520 Pn,
Wawer,"Przedszkole Niepubliczne ""Kocie Łapki""",Złotej Jesieni,24,,04-965,Warszawa,381 PN,
Wawer,"Przedszkole Niepubliczne ""Myszka Mepi""",Wielostronna ,21,,04-856,warszawa,389 PN,
Wawer,Przedszkole niepubliczne Akademia talentów,Odrodzenia,12A,,04-626,Warszawa,393 PN,
Wawer,Przedszkole Niepubliczne Alicja Szybińska,Lubiana ,13a,,04-876,Warszawa,34 PN,
Wawer,Przedszkole Niepubliczne KRASNALKOWO,Wiązana ,20 J,,04-680,Warszawa,276 PN,
Wawer,"Przedszkole Niepubliczne My First Academy Towarzystwa Edukacyjnego ""Vizja"" w Warszawie",Patriotów,148,,04-839,Warszawa,293 PN,
Wawer,Przedszkole Niepubliczne Sióstr Salezjanek im. Dobrego Pasterza w Warszawie,Gruszy ,41/43,,04-779,Warszawa,27 PN,
Wawer,Przedszkole Niepubliczne Zgromadzenia Służebnic Najświętszego Serca Jezusowego (Sióstr Sercanek),Kresowa ,18,,04-206,Warszawa,45 PN,
Wawer,Przedszkole Sióstr Felicjanek im. Św. Franciszka z Asyżu,Kościuszkowców,85,,04-545,Warszawa,340 PN,
Wawer,Specjalne Przedszkole Towarzystwa Przyjaciół Dzieci imienia Lady Sue Ryder,Hafciarska,80/86,,04-725,Warszawa,286 PN,
Wawer,Przedszkole niepubliczne Domisia,Tawułkowa,21b,,04-953,Warszawa,526 PN,
Wesoła, Przedszkole Niepubliczne Domek Wesoła,Jana Pawła II,112,,05-077,Warszawa,280 PN,
Wesoła,Dwujęzyczne Przedszkole niepubliczne SUPERBOHATEROWIE,Cieplarniana,25F,2,05-077,warszawa,402 PN,
Wesoła,Językowe Przedszkole Limonka,Warszawska,57,,05-075,Warszawa,331 PN,
Wesoła,"Niepubliczne Przedszkole ""Robuś""",Magnolii,6,,05-077,Warszawa-Wesoła,140 PN,
Wesoła,Niepubliczne Przedszkole Jacek i Agatka,C. Godebskiego,2,,05-075,Warszawa,278 PN,
Wesoła,"Niepubliczne Przedszkole Językowo-Artystyczne ""Leśne Skrzaty""",al. marsz. J. Piłsudskiego,4c,,05-077,Warszawa,376 PN,
Wesoła,Niepubliczne Przedszkole Montessori House,Jana Pawła II,214,,05-077,Warszawa-Wesoła,274 PN,
Wesoła,"Przedszkole ""abc""",Wspólna,35,,05-075,Warszawa-Wesoła,147 PN,
Wesoła,Przedszkole Jaskinia Talentów,gen. W. Sikorskiego ,92,,05-076,Warszawa,405 PN,
Wesoła,"Przedszkole Niepubliczne ""Macierzanka""",Macierzanki,1,,05-077,Warszawa,356 PN,
Wesoła,"Przedszkole Prywatne ""Jaś i Małgosia""",J. Kilińskiego ,44,,05-075,Warszawa,80 PN,
Wesoła,Przedszkole Rodzinne  w Wesołej,Kruszyny,28,,05-077,Warszawa,287 PN,
Wilanów,"""The English Playhouse"" Przedszkole Niepubliczne",Syta,78,,02-993,Warszawa,273 PN,
Wilanów,"""Wilanowskie Przedszkole""",Sarmacka,1A,2,02-972,Warszawa,277 PN,
Wilanów,Academy International Wilanów Dwujęzyczne Przedszkole,A. Branickiego,15,,02-972,Warszawa,254 PN,
Wilanów,CREATIVE KIDS PRESCHOOL Niepubliczne Przedszkole ,al.. Rzeczypospolitej,10,60,02-972,Warszawa,446 PN,
Wilanów,Kids College Niepubliczne Przedszkole Polsko-Angielskie,Jara,12A,,02-988,Warszawa,230 PN,
Wilanów,"Niepubliczne Przedszkole "" Happy Preschool""(II miejsce prowadzenia ul. Kazachska 1 lok. 93)",Kazachska,1,UA1,02-999,Warszawa,235 PN,
Wilanów,"Niepubliczne Przedszkole ""Bruzdowa 22c""",Bruzdowa,22c,,02-991,Warszawa,96 PN,
Wilanów,"Niepubliczne Przedszkole ""Elemelki""",Z. Vogla,10,,02-963,Warszawa,336PN,
Wilanów,"Niepubliczne Przedszkole ""MINIHARVARD "" Wilanów",Prymasa A. Hlonda ,10F,,02-972,Warszawa,307 PN,
Wilanów,Niepubliczne Przedszkole Zebra,Prymasa A. Hlonda ,6,u3,02-972,Warszawa,516 PN,
Wilanów,Niepubliczne Przedszkole Artystyczne ACOTO,al.. Rzeczypospolitej,20,u13,02-972,Warszawa,505 PN,
Wilanów,Niepubliczne Przedszkole Big Litlle Steps,A. Gieysztora,6,"u11,u12",02-999,Warszawa,504 PN,
Wilanów,"Niepubliczne Przedszkole Integracyjne ""Ziarenko""",Orszady,10,,02-797,Warszawa,430 PN,
Wilanów,Niepubliczne Przedszkole Integracyjne Bałabajka,Wiertnicza,83,,02-952,Warszawa,471 PN,
Wilanów,Niepubliczne Przedszkole Karate Kids,al.. Rzeczypospolitej,18,136,02-972,Warszawa,422 PN,
Wilanów,Niepubliczne Przedszkole KIDS Project,Syta,78,,02-993,Warszawa,421 PN,
Wilanów,Niepubliczne Przedszkole Moje Cudowne Lata,Gąsek,74A,,02-796,Warszawa,279 PN,
Wilanów,Polsko-Angielskie Przedszkole Artystyczne Magic Fish (II miejsce: ul. Królewicza Jakuba 69),Królewicza Jakuba,71,,02-956,Warszawa,244 PN,
Wilanów,"Przedszkole  ""Ala ma kota"" (II miejsce: ul. Wygodna 4; III miejsce ul. Nasielska 32, IV miejsce: ul. Bogatki 23;V miejsce, ul. Konstruktorska 11)",Bruzdowa,95G,,02-991,Warszawa,310 PN,
Wilanów,"Przedszkole ""Ala ma kota"" ",Klimczaka,1,,02-797,Warszawa,490 PN,
Wilanów,Przedszkole Brytyjskie,Prymasa A. Hlonda,12,,02-972,Warszawa,388 PN,
Wilanów,Przedszkole Niepubliczne  im. Jasia i Małgosi,Husarii ,34,,02-951,Warszawa,8 PN,
Wilanów,"Przedszkole Niepubliczne ""Mini-Przedszkole""",Kosiarzy ,26,,02-953,Warszawa,35 PN,
Wilanów,"Przedszkole Niepubliczne ""Radosne Przedszkole""",Z. Vogla ,9,,02-963,Warszawa,180 PN,
Wilanów,Przedszkole niepubliczne Baby English Academy (II miejsce ul. Kieslowskiego 3 lok. U5),F. Klimczaka,8,2,02-797,Warszawa,477 PN,
Wilanów,Przedszkole Niepubliczne Beztroski Świat,Wiertnicza,36A,,02-952,Warszawa,357 PN,
Wilanów,Przedszkole Niepubliczne Hero ! Academy  (II miejsce: Al.. Rzeczpospolitej 1),A. Branickiego,16,,02-972,Warszawa,347 PN,
Wilanów,Przedszkole Niepubliczne Kid`s Academy,Arbuzowa,33d,,02-747,Warszawa,171 PN,
Wilanów,Przedszkole Numer Jeden (II miejsce: Al.. Rzeczypospolitej 31/AU2),al.. Rzeczypospolitej,31,AU1,02-971,Warszawa,452 PN,
Wilanów,Little Academy Dwujęzyczne Przedszkole Niepubliczne,Sarmacka,12,lok. 2,02-972,Warszawa,518 PN,
Włochy,integracyjne Niepubliczne Przedszkole Montessori Elipsoida,W. Żeleńskiego,5,,02-403,Warszawa,499 PN,
Włochy,Integracyjne Przedszkole Mądre Główki,Jutrzenki,146,,02-230,Warszawa,222 PN,
Włochy,"Międzynarodowe Przedszkole Towarzystwa Edukacyjnego 'Vizja""",Gładka,31,,02-172,Warszawa,404 PN,
Włochy,"Integracyjne Niepubliczne Przedszkole ""BAMBINOLANDIA""",Redaktorska,2,,02-441,Warszawa,191 PN,
Włochy,"Niepubliczne Przedszkole ""Promyk"" pod patronatem Parafii św.Franciszka z Asyżu",F. Hynka,4a,,02-149,Warszawa,108 PN,
Włochy,"Niepubliczne Przedszkole Artystyczno - Językowe ""Iskierka"" (II miejsce: ul. Regulska 71)",Świerszcza,74,,02-401,Warszawa,138 PN,
Włochy,"Niepubliczne Przedszkole Dziecięcy Kącik Warszawa-Włochy
 (II m.prowadzemia Al.. Jerozolimskie 162 a)  ",Potrzebna ,19,lok. 2,02-448,Warszawa,291 PN,Przedszkole konkursowe 100%
Włochy,"Niepubliczne Przedszkole Integracyjne ""Biały Miś""",Pana Tadeusza,10,,02-494,Warszawa,453 PN,
Włochy,"Niepubliczne Przedszkole Integracyjne ""Mini Misie""",Mikołajska,30,,02-455,Warszawa,333 PN,
Włochy,"Niepubliczne Przedszkole Językowo-Artystyczne ""Dzwoneczek""",Rybnicka,24,,02-405,warszawa,425 PN,
Włochy,Niepubliczne Przedszkole Mali Wynalazcy dla Dzieci pracowników przy Przemysłowym Instytucie Automatyki i Pomiarów - PIAP,Al.. Jerozolimskie,202,,02-486,Warszawa,298 PN,
Włochy,"Niepubliczne przedszkole Matematyczno-Językowe ""Dolina Odkrywców""",Bakalarska ,15a,u1,02-212,warszawa,507 PN,
Włochy,"Niepubliczne Przedszkole Polsko-Angielskie ""BUZZY BEE""",Śląska ,45,,02-462,Warszawa,73 PN,
Włochy,Niepubliczne Przedszkole Tosi i Franka,Obywatelska,10,,02-409,Warszawa,439 PN,
Włochy,Przedszkola Pomarańczowa Spółka z o.o. Spółka komandytowa    ,Śląska ,36,,02-472,Warszawa,104 PN,
Włochy,Przedszkole Eduventura,Na Skraju 32,32,,02-197,Warszawa,514 PN,
Włochy,"Przedszkole Niepubliczne  ""PICCOLO""",Kleszczowa,13,,02-485,Warszawa,329 PN,
Włochy,"Przedszkole Niepubliczne ""Skrzaty""",Śląska ,26,,02-472,Warszawa,83 PN,
Włochy,"Przedszkole Niepubliczne ""Słoneczko"" ( II miejsce:  ul. Górczewska 255 c)",Płomyka ,13,,02-490,Warszawa,51 PN,
Włochy,"Przedszkole Niepubliczne ""Zielony Słonik""",Bolesława Chrobrego,18A,,02-479,Warszawa,210 PN,
Włochy,Przedszkole Terapeutyczne Mądre Główki,Naukowa,35 A,,02-463,Warszawa,410 PN,
Włochy,Zielona Wieża Sabały,Sabały,29a,,02-174,Warszawa,424 PN,
Wola,Przedszkole niepubliczne Ele Mele Dutki,Strąkowa,48,,01-367,Warszawa,519 PN,
Wola,Academy International Centrum Dwujęzyczne Przedszkole,Krochmalna ,3,,00-864,Warszawa,79 PN,
Wola,"Dwujęzyczne Przedszkole Niepubliczne ""Kids & Co""",Chłodna,51,,00-867,Warszawa,300 PN,
Wola,Dwujęzyczne Przedszkole niepubliczne Big Little Things,Jana Kazimierza,11b,LU7,01-248,Warszawa,502 PN,
Wola,"Integracyjne Przedszkole Niepubliczne Językowo-Muzyczne ""Czarodziejski Dworek""",Górczewska,89,,01-401,Warszawa,111 PN,
Wola,Niepubliczne Dwujęzyczne Przedszkole Kids&Co,Prosta,36,,00-838,warszawa,486 PN,
Wola,Niepubliczne Dwujęzyczne Przedszkole Kids&Co,Wronia,31,,00-846,Warszawa,462 PN,
Wola,"Niepubliczne Przedszkole ""Bajeczka""    ",M. Kasprzaka,31b,u6,01-234,Warszawa,456 PN,
Wola,"Niepubliczne Przedszkole ""MINIHARVARD ""  Wola",Sztuk Pięknych,1,,01-255,Warszawa,306 PN,
Wola,"Niepubliczne Przedszkole ""Poziomka""",Obozowa,86,1,01-434,Warszawa,102 PN,
Wola,"Niepubliczne przedszkole ""Zaczarowane motylki""(II miejsce Jana Kazimierza 13/2)",Jana Kazimierza,15,1,01-248,Warszawa,328 PN,
Wola,Niepubliczne Przedszkole Waldorfskie,Żytnia,79,,01-149,Warszawa,98 PN,
Wola,Prywatne Przedszkole Lauder-Morasha,H. Wawelberga ,10,,01-188,Warszawa,65 PN,
Wola,Akademia Młodych talentów niepubliczne Przedszkole,Cybernetyki,21,,02-677,warszawa,527 PN,
Wola,"Przedszkole ""U Cioci Gosi""",Obozowa,85,,01-425,Warszawa,48 PN,Przedszkole konkursowe 100%
Wola,Niepubliczne Przedszkole House of Reggio,Giełdowa,4B,U12,01-211,Warszawa,275 PN,
Wola,"Przedszkole Niepubliczne ""Miasteczko Dzieci""",Ogrodowa ,58,,00-876,Warszawa,256 PN,
Wola,"Przedszkole Niepubliczne ""Przedszkolaki z Naszej Paki""",O. Boznańskiej ,4,,01-100,Warszawa,232 PN,
Wola,Przedszkole Niepubliczne Zielona Żyrafa  (II. Miejsce : Sarmacka 6 LNM 1),Jana Kazimierza,45,2,01-248,warszawa,401 PN,
Wola,Przedszkole Niepubliczne-Ochronka imienia Edmunda Bojanowskiego Sióstr Służebniczek N.M.P.,Dobrogniewa ,6,,01-438,Warszawa,47 PN,
Żoliborz,Academy International Żoliborz Dwujęzyczne Przedszkole,ks. J. Popiełuszki ,16,,01-590,Warszawa,62 PN,
Żoliborz,"Niepubliczne ""Wesołe Przedszkole TPD"" im. Marii Konopnickiej",Elbląska,43,,01-737,Warszawa,1 PN,
Żoliborz,"Prywatne Przedszkole ""Balibu""",Szamocka,10B,138,01-748,Warszawa,455 PN,
Żoliborz,Przedszkola LaliBam,J. Kossaka,12,,01-576,Warszawa,426 PN,
Żoliborz,Przedszkole Genialne Dzieciaki,Kaliny Jędrusik,5/U5,,01-748,Warszawa,492 PN,
Żoliborz,"Przedszkole Niepubliczne ""Przyjaciele Żyrafy""",ks. J. Popiełuszki ,14 ,117,01-590,Warszawa,54 PN,
Żoliborz,"Przedszkole Niepubliczne ""ZdrowoJeż""",ks. J. Popiełuszki ,16,,01-590,Warszawa,320 PN,
Żoliborz,"Przedszkole Niepubliczne Baby Room Preschool 
II,III,IV, m. prow. ul. L. Rydygiera U2, U4, U5",L. Rydygiera,15A,U3,01-793,Warszawa,303 PN,
Żoliborz,Przedszkole niepubliczne Edu Flaming,Krasińskiego,59A,31,01-755,Warszawa,506 PN,
Żoliborz,Przedszkole Niepubliczne Pracownia Rodziny Madurar,A. Felińskiego,13,,02-963,Warszawa,344 PN,